"","Item","Type","Market","trend_strength","seasonal_strength_week","seasonal_peak_week","seasonal_trough_week","spikiness","linearity","curvature","stl_e_acf1","stl_e_acf10","acf1","acf10","diff1_acf1","diff1_acf10","diff2_acf1","diff2_acf10","season_acf1","pacf5","diff1_pacf5","diff2_pacf5","season_pacf","zero_run_mean","nonzero_squared_cv","zero_start_prop","zero_end_prop","lambda_guerrero","kpss_stat","kpss_pvalue","pp_stat","pp_pvalue","ndiffs","nsdiffs","bp_stat","bp_pvalue","lb_stat","lb_pvalue","var_tiled_var","var_tiled_mean","shift_level_max","shift_level_index","shift_var_max","shift_var_index","shift_kl_max","shift_kl_index","spectral_entropy","n_crossing_points","longest_flat_spot","coef_hurst","stat_arch_lm","PC1","PC2","PC3","PC4","PC5","PC6","PC7","PC8","PC9","PC10","PC11","PC12","PC13","PC14","PC15","PC16","PC17","PC18","PC19","PC20","PC21","PC22","PC23","PC24","PC25","PC26","PC27","PC28","PC29","PC30","PC31","PC32","PC33","PC34","PC35","PC36","PC37","PC38","PC39","PC40","PC41"
"1","Beans","Retail","Dambulla",0.970825501421724,0.203191198197234,2,4,0.329470549160084,6029.00906275835,1453.65007375595,0.277430843587072,0.273140224365943,0.96807674571102,7.46229158410917,-0.116949887030603,0.0224284856304121,-0.565611370893582,0.334800923874015,0.822871447091906,0.948974218510593,0.0207145194477186,0.59673441870436,0.0316705108492948,0,0.321999363196605,0,0,0.0786208572308671,19.8222116860493,0.01,-6.11782852271126,0.01,1,0,3223.87369441735,0,3226.68602971344,0,0.0203280515540699,0.957153824321058,425,3433,39732.1428571429,3429,28.4856202228959,3210,0.597413122457058,159,107,0.999859983208964,0.876859239886592,-5.62998250654808,-1.65541442770636,1.60305668047782,-1.70781658394683,-1.66940670976813,0.77667103172324,-0.812694044041635,-1.05929112979485,-0.659762077158973,-2.05723319858705,0.536798510717886,0.220935264841405,0.474713237065581,-0.796149114180981,-0.298842570567716,-0.297117726609226,-0.433341558721849,0.788941793986539,-0.396490860165502,0.0559141858285533,0.081883219200399,-0.175822940705352,-0.029768375498896,0.152933536124011,-0.311467787672145,0.058348973935303,-0.0315898252149,-0.163823622594448,-0.0282332473287251,-0.0254672213302089,-0.0173785353170255,-0.0609359743632368,0.0225981614008356,-0.0433237144501843,0.0152795755486105,0.0370044612180543,-0.012089842605521,-0.00977557485151786,0.00512881261533045,0.0046976555783394,2.91352442840886e-08
"2","Beans","Retail","Pettah",0.983079486208525,0.27095159994863,1,4,0.205433246869403,7313.5913860984,1314.62042533928,0.394650180013124,0.41915320519421,0.981219908366058,7.99746263646864,0.0816076462080962,0.0240671504424143,-0.451258885145576,0.208731487265377,0.864732546875196,0.979270070736975,0.0174379461751818,0.438595693723591,-0.0123951916335834,0,0.346680401287157,0,0,0.0923564596839398,19.9814671918583,0.01,-4.92609726750327,0.01,1,0,3312.0062294942,0,3314.8954469087,0,0.0106652961322294,0.97955468853137,442.857142857143,3211,56963.4775095238,2719,54.8511551348303,3210,0.550015966717247,113,163,0.999913464864144,0.900831685190483,-1.60264674365113,0.422641174862395,3.35646960027563,-2.47297833523835,-0.645074132497153,0.724724485149702,-1.19729587654562,-1.93582313857673,0.0801043913002889,-0.218090715259378,0.432696982123619,0.315583079154961,-0.484444769956446,0.767821475846848,-0.156759567886283,-0.0614477296968296,0.188894450859108,-0.519870032779262,0.151279490212394,-0.602220043622155,-0.544373814551659,0.198656339956079,-0.0474509795932652,0.088484268215201,0.096056581649236,0.206092221174616,0.0951363739572913,0.0166285543505441,-0.0837827184004055,0.167472720295699,0.0320334490906712,-0.02043297174375,-0.0671827340590471,-0.00340333199792748,0.0504847790172661,-0.0172376125249037,-0.0317621019832318,0.0102151810993499,-0.0154800844582234,0.00374710250347153,-1.45816460058016e-08
"3","Beans","Wholesale","Dambulla",0.968667944411971,0.199920576222124,2,4,0.329027258368734,5665.54247875318,1547.16648976063,0.275488770523349,0.272508919805224,0.965854678736464,7.33320157651641,-0.119934162715901,0.0232323992340892,-0.565886492507059,0.334198647760965,0.812618165824299,0.944895178908777,0.0217016296851447,0.597058249912234,0.0272587691905239,0,0.372269034673626,0,0,0.144241894548751,18.5200134508092,0.01,-6.34658871996096,0.01,1,0,3209.09089590369,0,3211.89033547557,0,0.0223466419357098,0.953689464695627,425,3433,39732.1428571429,3429,30.8345916505197,3210,0.604419130657376,195,108,0.999859983208964,0.87617480705448,-6.27818180800624,-1.59379497902721,1.63279225445518,-1.79514269970628,-1.83218801932441,0.881341136508166,-0.436361475891592,-0.869556925501882,-0.515319667140599,-2.11061816769901,0.721171003118437,0.11569897475238,0.708923105748453,-0.973311909341568,-0.000582174590748836,-0.366575675987996,-0.220589946177747,0.665986006234222,-0.137914742603272,0.331175809718122,0.146390368802597,-0.199380641710891,0.0732263385621887,-0.0184830432148879,-0.384211227226034,0.22427641799881,0.0843272936474531,-0.141298478117779,-0.00794669814385064,-0.0734507845449326,0.010181127275432,-0.0216086923963811,0.0480525333921187,-0.0291576730490923,0.0157218522520628,0.0083229786773106,0.00368044661648872,0.0213542029957703,-0.0049863992906294,-0.0130120487378272,-6.3635074960562e-09
"4","Beans","Wholesale","Pettah",0.981527738079566,0.276831215742675,1,4,0.177398613868329,6665.48063862205,1392.77668279188,0.383069399668668,0.391710514265861,0.979536024058444,7.87185232546375,0.0693514331534179,0.0224977782646278,-0.45695982093466,0.212181940547503,0.85595728329568,0.973842726902539,0.0153254004800587,0.449303114963384,-0.012416006563967,0,0.405449103294073,0,0,0.0689230553511511,19.1703103043527,0.01,-5.25095229190695,0.01,1,0,3300.6484291531,0,3303.52773862895,0,0.0118372279344053,0.975222430551523,442.857142857143,3211,47774.4894142857,2719,62.4881908191369,3210,0.5627676735805,143,91,0.999913464864144,0.894079052318838,-2.40805796280649,0.273010974844357,3.3054338761806,-2.6461489098507,-0.67527332435837,0.823669994143805,-0.906370412546824,-1.52964319830721,0.0341502515898362,-0.275705072630112,0.622311771654575,0.177022146946358,-0.554297358597718,0.780718848030295,0.215894220742891,0.118561724509055,0.283806447047075,-0.679890262364052,0.266777255520791,-0.53582911330574,-0.479874814887789,0.067320272384327,-0.108820357957285,-0.248506047987638,0.11934105897671,0.196272474216442,0.182017551642167,0.0482534020035822,0.00262462082731242,0.0951847195662792,-0.0143959793435371,-0.0711736313077497,-0.00367742470076,-0.0626458047452639,-0.0678870767823414,-0.000806178138835298,0.00542869449640145,-0.00217360564147078,0.0189204104035766,0.00437421589838065,-1.50576149017835e-08
"5","Big Onion (Imp)","Retail","Dambulla",0.981199576986568,0.214515585077918,1,3,0.0300533095453958,2619.95768974628,33.3204167885409,0.296613486024279,0.344094091631932,0.981118753381942,8.82943512979241,-0.0934814966445962,0.0330304727157775,-0.513398526982952,0.265759980824812,0.928232722758244,0.995644971016607,0.050170671415337,0.597671626725548,0.057792244936278,0,0.291191131650627,0,0,-0.432841464126478,13.5312889366401,0.01,-4.26463692780005,0.01,1,0,3311.32338833781,0,3314.21201007814,0,0.0265209937142795,0.964927544312043,148.225714285714,2688,18303.119047619,2813,56.5478149243252,2832,0.477028901188419,143,265,0.999859983208964,0.919697009951021,-1.73803057434946,-1.04064840083855,0.450588076005307,1.14450284547452,1.5022120716315,-1.14703043521794,-0.796771258673648,0.784501768406556,-0.852794691844424,-0.94953263354976,-0.690835169046269,-0.985928434900465,-1.10890891384046,0.0475685987875594,1.10429924653898,-0.23625695127349,-0.443842607533768,0.641819453774195,-0.028814863089025,0.212781806394442,-0.0742386984091226,0.117268549921136,-0.197162676725149,0.09272622478163,0.125146212507278,0.262991991641374,-0.356816192712168,-0.126545620030384,-0.0714219575490403,-0.0230134055068539,0.00365708302537341,0.00671424821459284,-0.0850305376115464,0.0389343023361588,0.0217008182936282,-0.0311273902228896,-0.0212457027354125,0.0163808950417256,-0.00520642505693985,0.00146687978027604,-4.12438311947398e-08
"6","Big Onion (Imp)","Retail","Pettah",0.993518276685936,0.189209938106477,1,4,0.0099293442964986,2879.52814464399,83.2263868288819,0.48281439562086,0.564823668520663,0.99400288837958,9.13778523284081,0.180713558749395,0.0634833887914518,-0.470502839781455,0.253241613847487,0.942571127388257,1.03832416202294,0.0581835873504246,0.406233231397062,0.0627595097518995,0,0.324653949368525,0,0,-0.11515721501,12.1843569819872,0.01,-3.70059697510518,0.01,1,0,3398.8635928479,0,3401.82857998908,0,0.00854589332707195,0.985482718385731,271.5,2834,22608.9388190476,2774,99.7851562971217,2777,0.465417838128724,65,224,0.999913464864144,0.970563905759525,2.07987838815031,0.986407111839299,2.30923907808744,2.20206262886052,2.00669383695776,0.277373310900482,-0.0101372786520915,0.642331882354079,-0.495476043615636,-0.89848155953554,-0.988155460081904,-0.916668236727517,-0.244991435981384,0.0904644709925735,-0.0838403424869138,0.514065429177221,0.285418120934116,0.365780087788515,-0.906620201794307,-0.793430253646807,-0.20497197133537,0.034757468929614,-0.201493267820588,0.120821911338215,-0.467221671063406,-0.117399782127197,0.259747170024203,0.210620575708119,-0.0772534452230898,0.0880787304475232,-0.0785848863132639,0.0754132156462194,0.103334672579316,-0.0308439839393137,0.0138208308914358,-0.00473580214734982,-0.015637666034422,0.0166021744523936,-0.00402743983946326,0.0102571198900027,3.177309402714e-08
"7","Big Onion (Imp)","Wholesale","Dambulla",0.979339919163724,0.236132325893499,1,3,0.0287296131075247,2419.68753792578,-61.0360970765073,0.28705380287536,0.327500026372649,0.978525505301518,8.73240071636972,-0.10453497890087,0.0383813941027182,-0.509644368474007,0.266623022410603,0.923421521791439,0.995797331593927,0.057297366056717,0.615832336595674,0.0607339657142009,0,0.338766796866872,0,0,-0.361374028668711,12.3633908506988,0.01,-4.5324901369636,0.01,1,0,3293.84184596804,0,3296.7152177441,0,0.0317237077264168,0.960795222766093,148.225714285714,2688,15295.715347619,2813,59.4730756244705,2832,0.48868302366097,147,233,0.999859983208964,0.907710453518342,-2.44287527646292,-0.942632119371084,0.237057714098458,1.04169807760947,1.77946282296054,-1.25129210531199,-0.602768078637083,0.647614291861396,-0.691477999237258,-0.875199530295321,-0.399060102856188,-1.12553373678299,-1.12144102698274,0.136884671798,1.01641822961761,0.00851927157428662,-0.246396147833224,0.235133400570176,-0.0624733782989587,0.262035022331257,0.0231763533888094,-0.2047690248917,-0.154830674844235,0.155656719258232,0.320067719023668,0.214904166541267,-0.273764469871327,-0.135234252495643,-0.0833917233796408,-0.0789117622964469,0.0126012142643413,0.0319042510668905,-0.0223863604531823,0.00868511321363046,-0.00776341534895395,0.0368120707997144,0.0389328989562303,4.27382552128533e-05,0.0129154770134362,0.0105786059388875,5.58791500292859e-08
"8","Big Onion (Imp)","Wholesale","Pettah",0.992810157870709,0.230814406237016,5,1,0.0061412030017376,2393.61426392786,-121.196708898251,0.52129478315939,0.639741025392936,0.993343994889296,9.01746175682747,0.23434040575139,0.0813320274337515,-0.417367872346626,0.196446008555597,0.934446871368245,1.05071154867137,0.0716688128018628,0.356168865831382,0.0372304778933177,0,0.358602788529986,0,0,-0.232659749360862,11.1837489857973,0.01,-3.99137075041245,0.01,1,0,3394.35908510823,0,3397.32014275735,0,0.0131459990162091,0.981017737807253,265.214285714286,2834,14756.9523809524,2774,60.4444272056382,2832,0.486884906765535,79,374,0.999913464864144,0.960727255818924,2.16382873312072,2.19827999083395,1.9883372307503,2.94741122111955,2.19505591163575,-0.0769440780981356,-0.285173047875997,-0.361615124153541,-2.19925481985446,0.77246599859172,1.34043098274374,-0.0494146028588414,0.0455014105712239,0.203490280741413,0.691043045507767,1.03399653401372,0.0364926195247498,-0.14338727269968,-0.10700412981551,0.415552904884811,-0.106906828840162,-0.459382740787378,0.223763036495138,0.0337627538097894,-0.234491428226567,0.0577918072860797,-0.00669153919627171,0.198470857123905,0.0694775841424872,-0.0118182663211566,-0.0603184215429287,-0.167713368094546,0.00876489895119473,-0.118673745988712,-0.0329346832270035,-0.00197485527358339,0.0540572812976388,-0.0137803860965373,-0.00712909857611802,-0.00164396406796204,-6.43928947150015e-09
"9","Brinjal","Retail","Dambulla",0.979821522410494,0.243243553424963,1,4,0.0393712192881018,4673.52827378465,474.8665639217,0.176060957691762,0.170955925116379,0.97401537731756,8.00650290674924,-0.149019786453195,0.0314652989850766,-0.562291898226904,0.331893076530567,0.868688749541544,0.970293419020968,0.0278992436862002,0.660423434857251,0.00371533253435533,0,0.388428627590841,0,0,0.0684717507414678,20.4013147490182,0.01,-5.34381948685175,0.01,1,0,3263.54848606368,0,3266.39543152986,0,0.0109424521013038,0.967616567382311,275,3127,14048.0928571429,3123,28.2332639220284,2741,0.575170599420204,131,251,0.999859983208964,0.89863497559787,-3.7970096971224,-2.20335251277631,0.257813397216171,-1.10144631500226,-0.741226112877594,0.448171372182751,-0.87232766839088,-0.66847845140627,0.0468366424903592,-0.28084146176573,-0.559034349049721,0.384045608344333,-0.583313366154295,-0.522253938930423,-0.339544775565358,-0.0350106625130206,0.215247124249261,-0.100988862089409,0.213485423041098,0.0253034072388556,0.264030189626931,-0.152578961511386,-0.0748427142022374,0.450490087718956,-0.0243645684122105,-0.440016381864795,-0.218635407031068,0.317806868822838,0.202079422183741,-0.0802729761826133,0.0142798133176836,-0.0136253331100195,-0.0608583404817764,0.0231724979672809,-0.0430466450032731,-0.00891437567411673,0.0140421301451503,-0.00970102333264216,-0.00484835418557257,0.00709086567809256,-1.58557456657292e-08
"10","Brinjal","Retail","Pettah",0.987898031936926,0.242629655468324,3,5,0.0424086153132135,5893.88349338048,573.65838147129,0.436027502603693,0.42341058999672,0.987946621292205,8.41139421279383,0.148887257498997,0.036450687043894,-0.451228362844339,0.212895850984958,0.892775193792753,1.00654032035663,0.0324861463628496,0.421700162308004,-0.0302932700163844,0,0.388014625050075,0,0,-0.118595638191407,22.3326573537121,0.01,-4.96493038406533,0.01,1,0,3357.57253123803,0,3360.5014982615,0,0.0074049489766938,0.97683380901689,327.142857142857,3129,31436.3857142857,3133,44.4963032362906,2699,0.527114364401704,65,256,0.999913464864144,0.930840237472214,0.0666195158045595,0.588249508512142,2.99447994477333,-0.7449971267622,-0.218119401566392,0.847449669905106,-1.12271876440685,-0.897064168943596,-0.223173312731212,0.954190386342326,0.0369665760281969,1.47786056892626,-0.355244165688459,0.868269306162268,-0.445122555201743,0.439099930531993,-0.452258902195439,0.0334170203996417,-0.432139384719554,0.341147999682089,0.13342066048277,-0.32301966125486,-0.297060852515139,-0.0775349336428779,0.115599870859221,0.276431019425257,-0.0688355466858358,0.0212792013783605,0.0183438446760688,-0.112292641567964,0.00256529359017415,0.117826108303157,0.0199168298172729,0.039589437486309,-0.0317957540714745,0.0118888590952395,0.0318537928336362,-0.0022280795758866,-0.0159745214518231,0.00294476592559658,-3.50010016778876e-08
"11","Brinjal","Wholesale","Dambulla",0.977955026661221,0.242102646108656,1,4,0.0390233416405852,4088.70064646686,684.003012978688,0.17701779192509,0.168764401345787,0.97176630489203,7.83927307232722,-0.148421773091302,0.0316428719057252,-0.562977161048363,0.334139143070983,0.856656634804437,0.965430236563856,0.0274025022493253,0.659806854953598,0.00564613785443984,0,0.458620898017631,0,0,0.184482579744682,17.1535813265984,0.01,-5.67989171380052,0.01,1,0,3248.49434455287,0,3251.3281575897,0,0.0127203148751468,0.963850539890457,275,3127,14048.0928571429,3123,30.3627096432668,2741,0.592199102457363,165,252,0.999859983208964,0.896267593205807,-4.56486199212568,-2.11501329328204,0.283342125457079,-1.23737828045022,-0.863387555934261,0.553643096432821,-0.338238070934507,-0.357198133057896,0.0930400254659373,-0.431305717600623,-0.310773719299931,0.232218125787083,-0.17441133803871,-0.810313298766882,-0.0720845657642694,0.0504046208850017,0.578853188087068,-0.347954353246161,0.495289669487511,0.126538505995825,0.338808065841582,-0.23792739308757,0.00291980409034859,0.407191731158545,-0.0663928191833512,-0.27269691494441,-0.11608617499164,0.343463119929504,0.203079635101351,0.0284427397688709,0.0237565667333589,0.0516668220430926,-0.0311151808933339,0.0244364321886532,-0.0241057453631873,-0.0267970449763789,-0.013857123934641,-0.00342233999263932,0.00120681682376275,0.00309640991517363,3.56305054418828e-08
"12","Brinjal","Wholesale","Pettah",0.986484069186777,0.241144046597251,3,5,0.0404422251267234,5165.36511369185,741.659387305221,0.436483522244618,0.416442232586874,0.986668114376995,8.2183382742722,0.158893291526797,0.0393002175385405,-0.444386494081035,0.205446722999332,0.878933381405901,1.00705173550684,0.0354842908170656,0.417977213654452,-0.0392546165974218,0,0.485707948552536,0,0,-0.0773162545283418,20.2860795733093,0.01,-5.33720345452612,0.01,1,0,3348.8880496732,0,3351.80944081859,0,0.0097187604632194,0.973784466761905,327.618571428571,3129,31330.5582047619,3133,53.0006750687027,2699,0.557113899240434,97,286,0.999913464864144,0.928177196486009,-0.686991542964012,0.900051306731863,3.15490042102704,-0.68122406835172,-0.341871011962055,1.06340230913978,-0.673427493195959,-0.579184430915663,-0.0498243549833785,1.22283710809734,0.204240186882591,1.52926378884879,-0.107623351595369,0.605212149377052,0.0455277415656928,0.530210881526898,-0.159258561967387,-0.23370398430328,-0.192733537080157,0.494888546928126,0.27770352029529,-0.388631487299559,-0.197332517793332,-0.240361500638822,0.105413291405378,0.288418039999414,-0.0644978693821615,0.00983927605997263,0.0786164065860394,-0.0212900206020485,-0.0488974715655388,0.148655482278561,0.0320809574527212,0.00623087258649706,0.0297160135972072,-0.0144515016253586,-0.00275114048556184,0.0134220429808145,0.0169398008498126,0.000423459710908373,-2.3922621314956e-08
"13","Cabbage","Retail","Dambulla",0.983381829359155,0.223999335255496,4,5,0.0255034292232123,3255.87761655016,368.234284029146,0.198247442024102,0.235738894568017,0.98129801307944,8.80931313043079,-0.167912526253891,0.0370624381175178,-0.566513046828135,0.332126285081142,0.924706441065468,0.999818289813318,0.0466009538967484,0.651825122170069,0.0405801623391831,0,0.455611545804673,0,0,0.0298882638885918,14.3472600298924,0.01,-4.25121220745157,0.01,1,0,3312.53351922938,0,3315.4231966233,0,0.0065368444345903,0.97183085392375,183.631428571429,2730,11132.6636904762,2720,56.2570226254829,2787,0.51617905464,216,234,0.999859983208964,0.90839365171392,-2.31065827823526,-2.07841248857078,-0.600167886511925,1.35737569520383,-0.251184108884666,-0.297191381211047,-0.0619819560395597,1.0184375500403,-0.282579775620188,-0.926403505417392,0.118842076112829,0.17775781400675,0.245494391053912,1.37953403237696,-0.0276759564319776,0.361362652607468,0.848895931213346,0.146958179006776,0.817495876042713,0.435175037316916,-0.0621388977064394,0.415258805352019,0.134557361958191,-0.275131043046242,-0.359712438750803,-0.0844495691205055,0.0379601404413477,0.171456743556709,-0.221334167290859,-0.0430384057124215,-0.0228090915332907,0.087233892368045,-0.028234219146321,0.0081125283456073,-0.0470617661817519,0.0181316073833456,-0.00524861545172773,0.0153555731123085,-0.00806881107930642,-0.00277526878231081,6.0870275494658e-09
"14","Cabbage","Retail","Pettah",0.990988076859042,0.198770002566263,2,4,0.0109839150419156,3795.999005782,-162.524988130545,0.367428057715204,0.360449237253749,0.99050622678269,8.97317276185838,0.0159157875288273,0.00596955760421967,-0.515062680187755,0.26884373467892,0.931939561508576,0.985001985039694,0.00527447558061299,0.50404583576228,0.0280310046555963,0,0.395324203457921,0,0,0.13977348650826,14.3860368510853,0.01,-3.83403292984177,0.01,1,0,3374.99289341577,0,3377.93705703317,0,0.00416513348478221,0.982359604909819,214.285714285714,2788,12116.4537,2792,49.9037334361573,2787,0.510295766485675,121,175,0.999913464864144,0.965861306911494,1.03618257755701,-1.28743113587983,1.35484640730643,-0.576225823577243,-0.514363238770385,0.195140813778519,0.188130422342843,1.12136086312719,-1.17243742819719,-0.604418915899101,-0.709585995235303,-0.574177516494904,-0.0399705056458684,0.327563873433345,-0.264114061058895,-0.341688244013666,0.60258592695074,0.115002030294931,0.166289802154572,-0.241581904302647,-0.106108627310258,0.130793413500933,-0.0593826445807288,0.0717050648544684,0.0796434567955031,0.0172372249110455,-0.193083589940962,0.0651712286493536,-0.0268000300578785,-0.00400731584746317,0.00720775230100022,0.0229053251996739,0.0618786124346269,-0.0200391578271671,0.0217719607852464,-0.0434227539170261,0.0263341258946038,-0.0269150535949013,0.000985613739078004,-0.00878667838047457,-1.10308007640289e-08
"15","Cabbage","Wholesale","Dambulla",0.982062423789356,0.218580334375525,4,5,0.0249142526031771,2732.87784291729,485.090694400312,0.197311064264599,0.235433679747894,0.979953627699782,8.71753740348016,-0.167578504512271,0.0363998347115244,-0.567528720054014,0.332708914227056,0.918480087592847,0.995838482803213,0.0454889038455674,0.651132711798236,0.0380107273247882,0,0.588746992247499,0,0,0.171425411759755,11.1040690509308,0.01,-4.47736840212924,0.01,1,0,3303.46334680035,0,3306.34511186008,0,0.00730526315732138,0.96933541791235,183.631428571429,2730,11132.6636904762,2720,53.5002391632845,2787,0.528904202694495,169,235,0.999859983208964,0.905311378703323,-2.43704049555378,-1.89850410343263,-0.749731807835086,1.12776713790862,-0.392148749707762,-0.11748562793511,0.158539671069686,1.16925770493038,-0.230297158536492,-0.750198318778312,0.203812914271595,0.150891602131147,0.730471844565103,0.862478711308798,-0.110119419371318,0.661658574013698,0.984477966629029,0.0619565427986946,0.513899248044659,0.105662846227923,0.400263877292726,0.170361903044132,-0.100592277478303,0.393543350151044,0.146503230305025,-0.060170237876101,0.221532139559521,-0.042136156638173,-0.202797029602938,0.00104005168003952,-0.123317817087687,0.0335581007451031,-0.0303173747140503,-0.00782406705527641,-0.0123207523235368,0.0311291016954348,0.00335460496973819,0.0214331837660097,0.000640499909816069,0.00131679190935866,-4.25922110955381e-08
"16","Cabbage","Wholesale","Pettah",0.99030278032171,0.199823592460308,2,4,0.00985670309080727,3170.27611169886,98.8405053965906,0.380050813950843,0.384248289512725,0.989991716255757,8.91341094983175,0.0310882047947679,0.00737978932527279,-0.50580676678475,0.258625468870103,0.928045476037098,0.984902658383479,0.0063198137939652,0.495436807266833,0.0165634977167745,0,0.57960217648437,0,0,0.147976694341003,12.0151640977417,0.01,-3.95309498609431,0.01,1,0,3371.48757799726,0,3374.42868376464,0,0.00490703392835889,0.980894220883766,197.142857142857,2722,9595.41984285714,2786,39.2802278577039,2787,0.521125911271362,141,268,0.999913464864144,0.966907152678025,0.77038610297067,-0.907336482269132,1.44749511962589,-0.471007638947785,-0.636586631463602,0.341017220787937,0.29376771095676,1.45508427127454,-1.07609522954507,-0.314609575675339,-0.75474304011418,-0.346290109722495,0.271092217823022,0.112975823206921,0.322108404155489,-0.184545749230985,0.876607981742509,-0.218557406745722,0.690235960291388,-0.0972342211207047,0.245179604614831,0.107726064406515,0.144626024510769,0.222373003756775,0.323249255235796,0.389230895742138,-0.217819382290881,-0.00418674086962536,0.0399650539685485,0.0456491499475873,0.00194708176130093,-0.0260655809415959,0.123482644197454,-0.0213986976652165,-0.0308250326625944,-0.0160219113793024,-0.0281037634324656,-0.0241110977204741,0.00115461625186484,-0.00634325894519736,-5.65221988892555e-08
"17","Carrot","Retail","Dambulla",0.976217749379301,0.265624094192809,3,5,1.21811715906245,4162.27371889148,675.057316846279,0.364828393220514,0.409162328284309,0.97602601408261,8.10573239603152,0.0050961622744805,0.036695861564953,-0.478402381888698,0.249764350042272,0.876932016921979,0.964749613495273,0.0303804259909299,0.521812469929886,-0.012798905544713,0,0.488197452193656,0,0,-0.12235286259661,8.29316304769888,0.01,-5.59664363272178,0.01,1,0,3277.036123771,0,3279.89483513224,0,0.136708750882748,0.946821883116271,785.357142857143,2721,199838.037033333,2732,203.069760687188,2740,0.595237790315544,181,597,0.999859983208964,0.909537540868053,-5.30708443004635,3.64835766291817,2.86905124050935,0.0236071501255419,-2.75035868762315,-4.58023651376312,0.612389461661656,0.660217243719809,0.936596242644189,1.12780240271326,0.176917006813158,-0.937532361005308,-0.534690215766806,0.258328854108424,-0.315427624177742,0.097267757503953,-0.0989116305985857,-0.0283476709732807,-0.251455991463954,0.0366311757711533,-0.0682636933801222,-0.055678917880326,0.200617129846099,-0.109940496195004,-0.208130512744677,-0.0234309274169086,-0.0438087873165745,0.0550690097609797,-0.0280989745000388,0.0347781223777915,0.00312113063721717,0.036206894176705,0.00621029007107125,0.020534328775242,0.011405035405883,-0.0254744935701368,-0.00947707809427059,-0.0117143112052024,-0.00228595844001164,-0.00786141461126289,-3.9297942051026e-08
"18","Carrot","Retail","Pettah",0.985299235587094,0.170958877042913,3,4,0.949609321857797,5046.37476874654,566.598432114515,0.534426821563524,0.902848230568567,0.988429043145768,8.6427690160921,0.204955457112419,0.113180925863236,-0.410127834271287,0.189779367095613,0.910776333332449,1.04410384102535,0.0802738636133166,0.37810919333671,0.0110290539687897,0,0.528301197867772,0,0,-0.0792515892552695,8.95667481949076,0.01,-4.5764440166947,0.01,1,0,3360.85238826916,0,3363.7842164648,0,0.0211498075124933,0.971132264702243,814.285714285714,2722,179838.037033333,2720,135.466447932766,2722,0.574510211381074,117,658,0.999913464864144,0.971466382769697,0.0471247185708903,5.63431727299338,3.52772252872649,3.54798734881261,-0.0711411338088942,-0.0870868310350356,0.538526166011049,-0.996732239342604,0.768355166688173,-0.263611580699651,0.0248223386750419,0.407139250274259,1.00878994608263,-0.438380243410463,-0.390936980503308,-0.549170083161213,-0.0241022497942896,0.62596607447229,0.688670650403255,-0.0740307099691664,-0.568811497780507,0.311488513148477,-0.43050344515228,0.0322111676865466,0.0997703064881037,-0.13659102516924,-0.144555158357017,0.0514487357393401,0.0149887888648925,0.0240902511107849,-0.0213233389073109,0.0808873069217767,0.0485283995182028,-0.0287590113919669,0.0719573035457174,-0.0325333952083577,0.0129250111166246,-0.0180854854273829,0.0149326101892206,0.00402544008159186,3.35893211596726e-08
"19","Carrot","Wholesale","Dambulla",0.975619804601293,0.264079676744438,3,5,1.21215236812621,3832.29759680872,658.821724595836,0.365032770129598,0.41311837236073,0.975514833242924,8.06328139324651,0.00741939292154132,0.0368229937722251,-0.476676181136345,0.251357326650562,0.873859330472561,0.963930734777849,0.0305768826439634,0.520244158169358,-0.0164632922084441,0,0.595287216662178,0,0,-0.0326336548298771,7.20425821010323,0.01,-5.67203631958074,0.01,1,0,3273.60441317677,0,3276.4601308969,0,0.142389367947821,0.945562887193645,785.357142857143,2721,199838.037033333,2732,203.069811320633,2740,0.59925890113256,169,597,0.999859983208964,0.908709812844413,-5.40309485705056,3.8115378030115,2.80200745721031,-0.0469109244875252,-2.90901873702692,-4.53314938110476,0.793591622468959,0.788323835934819,1.05338568470123,1.27169843232273,0.212177526947581,-1.05578502240794,-0.331725434516156,0.0723258310686032,-0.31916368578067,0.257494926723862,0.0832694428359238,-0.154317753312091,-0.358686442896694,0.0164642263776555,0.278483281601227,-0.192389441705296,0.266136112345304,0.133831168135353,0.0234487900884675,0.0219928381371292,0.0803362613757713,-0.0693760284049029,0.0466477938657123,0.0202193537903465,0.00138289296521874,-0.0358459772285649,0.00520860199539018,-0.0165559416380866,-0.00746453188421218,0.0215134125377137,5.15492762360823e-05,0.00677170339586729,0.000594114215504254,0.00592549566313252,3.06396663978481e-08
"20","Carrot","Wholesale","Pettah",0.984325503823527,0.168174915913618,3,4,0.945320628169427,4502.37708533345,613.084852826503,0.538691856617015,0.943192098090698,0.987897620474411,8.57943201640992,0.21810012751188,0.126456271365745,-0.401107836786963,0.178195535829794,0.905989900540843,1.05103141590558,0.086796193555869,0.366558896052736,0.00281365313617054,0,0.673252793904008,0,0,-0.0931420416584549,8.06542438105005,0.01,-4.65310553302815,0.01,1,0,3357.23947737417,0,3360.16815385923,0,0.024765221732225,0.969586891080374,798.808571428571,2723,182208.929890476,2720,142.25608258601,2722,0.578180550629301,131,643,0.999913464864144,0.969651325890902,-0.217945127450154,6.16691892557108,3.60685912412993,3.93854220883985,0.0316685948931833,0.225258947594579,0.733751644515298,-0.802139502480656,1.07423741408034,-0.0513896693576698,0.117508068753862,0.324808550084453,1.09105637159469,-0.457265094246851,0.0151321590537372,-0.334156539038321,0.112307024802065,0.515166750960999,0.806973614650946,0.10677985195848,-0.306612930173467,0.212858659921218,-0.337508042701756,-0.0568179767803532,0.244515803466888,-0.0881780910701729,0.0188682460656705,-0.0731724169296337,0.136924705564689,-0.0635019411759323,0.0304708952311142,-0.119317019228371,-0.0169920843925542,0.063844396541537,-0.0692397253740171,0.0377843650060771,0.00123270280467961,0.0306122664815779,-0.00816394049145398,-0.00161719300052181,-2.83491304584445e-08
"21","Green Chilli","Retail","Dambulla",0.973455529115888,0.287206723378128,1,5,10.899114697497,2613.86546981129,-933.033320554043,0.365035702271384,0.421618574835767,0.972014157817297,7.8598680177852,0.0418331087323152,0.0700083647348593,-0.437832855000228,0.212135413079831,0.862883866456306,0.973715517038041,0.0588757683980315,0.474140051307682,0.0210060875658731,0,0.440813797956587,0,0,0.0263017141457433,1.58069359751561,0.01,-3.78137099269447,0.01,1,0,1725.22584099302,0,1728.06182867684,0,0.0139392635915792,0.953891949408789,525,1524,95181.665347619,1503,23.1949878667837,1524,0.580449753357864,98,220,0.999773448073108,0.854839358064464,-3.86548516953108,4.81504972879244,-3.41620923071781,-3.4708460238872,3.06947770819875,-0.706725050122176,-0.424455892859663,0.424574832391725,0.220918389745745,-0.136014159002529,-0.574853111984504,0.643620285700325,1.07037240729193,-0.253007254051654,0.17770770806681,0.138412671212284,0.0706211160630329,0.566035965517958,-0.247033650607251,-0.0714803012107765,-0.442397388671359,-0.0983327597076383,0.337805015416667,-0.107387176795343,0.257417588251213,0.0321803837427248,0.00760522793410307,0.180681005428645,-0.058066268987449,-0.0234917848614273,-0.00448847315504033,0.0305061000269407,-0.0121263774614918,0.00469891239568374,0.0296773717010543,-0.0302051350776672,-0.00232272712978685,-0.000678556701663895,-0.00747051874312638,-0.00364821297379418,-2.90988457812272e-08
"22","Green Chilli","Retail","Pettah",0.983768547415349,0.28622845306584,1,1,5.05955822443762,3377.74421730494,-1806.08601589153,0.384080435256295,0.373691321813721,0.98312495192056,8.36595823395373,0.104526840779768,0.0669272747763834,-0.396193073145501,0.184834252822424,0.894779267856456,0.992105285786237,0.0408687944949046,0.499554873628218,-0.0175430131211812,0,0.412702949053962,0,0,0.149856605764281,2.10204150800884,0.01,-3.3740928255047,0.0143757035858409,1,0,1764.89230940816,0,1767.79350224554,0,0.00861445956730228,0.966406804512543,542.857142857143,1811,75608.3915380952,1521,35.1574144317548,1810,0.530798548046312,87,147,0.999819270755142,0.91299655920487,-0.65023410195869,4.3966614203951,-2.88060263127963,-2.9685910503022,2.12601516027065,0.0272361889965826,-0.0949146802018471,-0.527920040539219,-0.734747984553169,1.25781543264573,0.110100718768349,-1.06201865682764,-0.588894715456778,-0.432443506326471,0.192091847387752,-0.389876252033321,0.197744682794142,-0.789272629772269,0.418948187694924,0.349066159901174,0.054746559621312,0.159777090732242,-0.575204878699928,-0.0348452403270271,-0.389846090648325,-0.237835273155528,-0.106556637181616,-0.0269175796305287,-0.0310953086298779,-0.0589816399777881,-0.0299920744577531,-0.0409684170577693,0.0057189726413666,-0.0467175829545666,0.0873026394694766,0.0239653177440407,0.0179263227220256,-0.00349794796332271,0.00261978265171832,-0.00478719585423614,-3.48163327304404e-08
"23","Green Chilli","Wholesale","Dambulla",0.973193474877411,0.289502036899637,1,5,10.8223932413295,2475.9120361158,-855.992954202694,0.363436566490229,0.420390632620045,0.971710922513026,7.84795392179099,0.0415385470919984,0.0719128493835288,-0.437580484228992,0.212550701215036,0.862317765050296,0.974330721243846,0.0604290850854782,0.475373659374225,0.0199500984540574,0,0.50434895923077,0,0,0.0768968450895088,1.45760786827585,0.01,-3.7990260556979,0.01,1,0,1724.14958551622,0,1726.98380401296,0,0.0141909751897273,0.953370981421712,525,1524,95181.665347619,1503,23.194987870496,1524,0.581319592527737,100,156,0.999773448073108,0.853807485660223,-3.95121755702816,4.83487934160878,-3.46987819755856,-3.542107430585,3.05570189579577,-0.489516820555699,-0.303746773395054,0.480396942009462,0.353903770670374,-0.179443065567168,-0.431047581222211,0.469778170059194,1.10014856648115,-0.188173886662715,0.161878153123776,0.376231539605545,0.176069344156307,0.509828142267702,-0.221079872929239,-0.0702993718479924,-0.296661956503765,-0.129058466920459,0.348017577586697,-0.1273920542165,0.377530971542273,0.0469210886452009,0.0926267359845192,0.12448128539174,-0.00492728060210775,-0.0763210590931324,-0.029276039107775,-0.0242950751003993,-0.00671254145450301,0.0042514403954261,-0.0243463511407975,0.0188519099172955,-0.0098703716521209,-0.0140536978208978,0.000500658108436945,0.00254287900798204,4.9717911208011e-08
"24","Green Chilli","Wholesale","Pettah",0.982668421267855,0.282488752722344,1,4,4.82261177220331,2866.29948761423,-1468.26598768921,0.390035318348084,0.383446927233071,0.98234138929445,8.28189976445732,0.104295218208183,0.0696126164895498,-0.40662299818856,0.19577732259334,0.889123757486851,0.990467565618278,0.0405959981335897,0.500929426825261,-0.010934638329545,0,0.4860853574125,0,0,0.190847672534767,1.75698659353055,0.01,-3.52971334214373,0.01,1,0,1762.08014895085,0,1764.97671905872,0,0.00918498655115927,0.963479483972019,507.142857142857,1811,75608.3915380952,1521,28.3666902349021,1810,0.539927516103279,86,147,0.999819270755142,0.904912052498285,-1.26769312640605,4.16303147548539,-2.52674005779575,-3.04365373260442,2.38972815761293,0.0765200249458704,0.117615979720141,0.271045053509061,0.0192506949193063,0.99481256956804,-0.416144809782142,-0.344023783118664,0.270200807825556,0.0908118836318128,-0.255767373085917,-0.161689925875144,0.240398943606867,-0.595383342534131,0.388412506649239,-0.00596001963300482,0.492040311399323,-0.159478286292035,-0.580956599126693,-0.0235954062179228,-0.451628268585126,-0.0014235701666189,0.015560682300661,-0.276812812554779,-0.100528299486432,-0.0558970199409472,0.0537027331804958,-0.0176983376759077,0.0524046452743591,0.0503785587001959,-0.0707698124898683,-0.0148810394067608,-0.025665827374719,0.0163009715994399,0.00303469817934847,0.00363929495358855,2.08386091789753e-08
"25","Lime","Retail","Dambulla",0.990780890662159,0.164093167237998,6,1,9.56014160201298,5454.14242727791,-1457.27766705542,0.117357096044075,0.173230175014874,0.98925350121936,9.20213166567089,-0.209922759714401,0.0531418804205989,-0.593193622364591,0.371206117953672,0.948814896014864,1.02174177984849,0.0492546326038364,0.714319695464286,-0.0459965709079022,0,0.844241984038859,0,0,0.0576159580780867,3.18192104444254,0.01,-2.6378257700147,0.0881749596817425,1,0,1786.96466614611,0,1789.90214230964,0,0.00367524926306313,0.98344992016135,466.071428571429,1713,53888.8333333333,1012,39.2807764203073,1712,0.492642301688938,82,250,0.999859983208964,0.927131609642927,1.25092062469575,2.1194914584725,-7.08642686762778,0.855684335668613,-3.51727181005417,0.954922291155493,-1.28153460065447,0.615675327776432,0.192756891110154,0.476947112638685,0.177834612973586,0.310588655336703,0.0231261089041441,0.492776594164421,0.591440379016881,-0.145633807288185,0.310845151748746,0.293141524299298,-0.665142142476727,0.0814161228101448,-0.592868681205049,0.0717073133658058,-0.141849118950888,0.108160008393996,-0.210179182509404,0.0123836858085724,-0.115639910660399,-0.0143417659982887,0.0752709010639861,0.104763452917737,0.0359382632346226,0.00605270739675086,0.00449890178460706,-0.0120974127778501,0.00595033568631243,-0.0386338205062785,0.0157838197648384,0.0193447797247271,-0.00392951270177386,0.00162104268925184,-2.31204234700427e-08
"26","Lime","Retail","Pettah",0.99370520450079,0.19696809435986,4,0,5.46965514085461,6929.67224473721,-1848.65565379606,0.452063937587982,0.710226173511314,0.993757085157416,9.10784934536489,0.138888277717021,0.077994762929546,-0.493682480104043,0.327311666266306,0.939031571948241,1.03428442648208,0.0640407167648211,0.439396219749992,0.0118360628891734,0,0.884810061159717,0,0,-0.127087554437272,3.5669532572791,0.01,-2.78235011616479,0.0637384105856706,1,0,1803.27204149283,0,1806.23632430076,0,0.00823256483778088,0.981634580559121,828.571428571429,1762,171362.582014286,1772,51.9274699559393,1775,0.50341885339869,50,264,0.999859983208964,0.96755823428188,2.41864092026606,6.54480717128957,-3.36793369881829,1.2960670104881,-1.57923784890024,0.811307708784777,-1.09913690280053,-0.768614339337557,-1.23065458772242,-1.34204131698909,-0.344020414522441,-0.580863763566,-0.725729007567622,0.0489336598814446,-0.925634663465804,-0.04631006974931,-0.721065124411817,-0.255814722825139,0.139607157931835,-0.280030502075247,0.307123959975524,0.0244375200401714,0.234866971562668,-0.175891850410579,0.0933071139051661,-0.0899260209772329,0.0151436446330406,0.180988224943808,-0.068142036222466,0.0161553597410355,0.0517358925034883,0.159712333771929,-0.0633675105458727,-0.0192430462176164,0.0279781365144725,0.0905205608632031,0.00279944265080653,-0.00647939784629497,0.0094518141771753,-0.00650168383538359,-3.09790783485112e-08
"27","Lime","Wholesale","Dambulla",0.99061945935927,0.16199526829062,6,1,9.59498084092039,5405.50053184827,-1417.06239396388,0.116184660265483,0.170317557734052,0.989071535576775,9.1967871630614,-0.213407973944816,0.0551254775622188,-0.594140274394329,0.373332238899061,0.948499543102922,1.02294600953615,0.0513046041183999,0.718370178513157,-0.0479364258955456,0,0.985332122594157,0,0,0.136670222508154,3.14308544039801,0.01,-2.64722273777672,0.0865860961429139,1,0,1786.30732954345,0,1789.24372515366,0,0.00370071796666504,0.983208375379083,466.071428571429,1713,53888.8333333333,1012,40.628045909244,1712,0.492895779649342,86,264,0.999859983208964,0.926922822944899,1.18475070206216,2.25346615987927,-7.17196579685506,0.957421279639551,-3.74044882243978,1.14096034692406,-1.17822541853213,0.661299860561184,0.35419510885535,0.437512155513872,0.133716578721603,0.292182311363455,0.159490895590883,0.485730523208585,0.655071074805161,-0.0201718913964521,0.687484695633303,0.117369866767271,-0.605277006898243,0.171742408132774,-0.30169208295998,0.109980883525521,-0.0553245831209048,0.239349300297917,0.00378357036355465,0.0748181805496314,-0.0314351507325895,-0.100711709854174,0.158829565015635,0.024759849286182,0.00066480883532341,-0.0361289110480695,0.0244316058987769,0.00492469075978332,-0.0276861764122333,0.0297239110967055,-0.000680707681944771,-0.00366420628224112,0.0083397022584048,0.00215339189174311,9.98002625273005e-09
"28","Lime","Wholesale","Pettah",0.993507401091899,0.187809055333436,4,0,3.94705390488777,6038.47628515364,-1395.09265503017,0.475486970522582,0.756351627444296,0.99381522329062,9.07493802844909,0.163525100981501,0.0893282326084768,-0.492426651376025,0.314880199083311,0.936579354618641,1.04532365669964,0.0730938306328592,0.419863155969798,0.00252726000904693,0,0.997067264033913,0,0,-0.0822591497464333,3.33281216808725,0.01,-2.82013736727087,0.0573492447360607,1,0,1803.48304262868,0,1806.4476722878,0,0.00790265400795073,0.981596993795907,828.571428571429,1763,173214.285714286,1760,35.1853851293227,1775,0.508586344167698,48,264,0.999859983208964,0.971960524404155,2.49276401232215,6.7657021468592,-3.07771463289968,1.77989408462519,-1.29394846832743,1.3290295397651,-0.871939897100882,-0.706748481181325,-0.938432393429502,-1.07354787598758,-0.140235585039975,-0.53499050583728,-0.451306959024492,-0.322650836410668,-0.777037237919122,0.398023160403643,-0.707552300143691,-0.22432205611221,0.555240137443744,-0.303698676365475,0.968976364906124,0.111868173127485,0.317791704679452,-0.100328680347507,0.100860536207922,0.210811014459417,0.05381837802614,-0.163032432304479,-0.00689672673890883,0.060890674219098,-0.0708753712240869,-0.0678186179217483,-0.00513438340772531,0.0157867384226011,-0.0300889146248762,-0.0823474270387964,0.00315817848518264,-0.00693465942618853,-0.0125708559938791,0.00493646031310624,3.80660388866079e-08
"29","Potato (Imp)","Retail","Dambulla",0.98749999281873,0.246927165804105,4,3,0.00146706684235421,2226.08950346041,-324.806771884611,0.218277985970635,0.228661800664392,0.985291469406569,9.05743954060311,-0.178311114263244,0.0546133907791109,-0.578321489256901,0.380469183523688,0.94214843443775,1.01767412654481,0.0584086286211716,0.682843157624048,0.0477013758327073,0,0.0993532686242569,0,0,-0.471522689849062,27.3454145650904,0.01,-3.93936692854677,0.01,1,0,3339.54952211762,0,3342.46276683014,0,0.00727262626877566,0.975604652915351,67.4285714285714,2900,2295.28571428571,2911,18.9892418699912,2907,0.4322641624074,51,1273,0.999900695662786,0.835544441823144,-0.801061666022525,-2.80637944447221,-0.942985447545197,3.97219469406428,1.21132819756595,-3.57040813995999,-3.28235325671857,-1.33843761770314,-1.59987798709545,1.04693122589706,-1.57896498002301,2.92610134490507,0.159868040374394,-1.01429639111134,0.0274718534837848,-0.718657304310083,0.395803497909114,-0.731353476219191,-0.270641174337813,-0.326647702921306,0.121315786130369,0.255784159838635,0.237233278217635,0.0274543474427087,-0.10342815525703,-0.00969207138004583,0.0424152501191949,-0.139902532192834,-0.104684791808874,-0.0304092806046514,0.00457278973561534,-0.0329171236992942,0.00574380998134345,0.00403919542883369,0.011218893384852,0.0109927113799746,-0.0123423812592138,-0.000680305239645164,0.00252521047759509,-0.00262015785043076,1.29842928760555e-08
"30","Potato (Imp)","Retail","Pettah",0.996143775475674,0.187937185837988,1,2,0.000699291877840809,3490.62108625432,37.8891900513471,0.362342467001393,0.343742588497563,0.996075404306473,9.58842510690523,0.0135380528065505,0.00488757823364331,-0.493057564723662,0.251540558179479,0.973472723636511,0.993942020347025,0.00379551317460762,0.505988893612383,0.0283802488021935,0,0.274051070998386,0,0,0.123792353072221,27.398699127188,0.01,-2.40067324979121,0.1,1,0,3413.05176606121,0,3416.02913020723,0,0.000991426113710545,0.993438391685232,111.428571428571,2746,3854.7619047619,2749,32.0327013860396,2745,0.319933022930419,55,349,0.999954177318763,0.972448127114142,4.82324853549782,-2.41215281524166,0.971907739577709,-0.132615427900436,-0.431014311900132,-1.19375092316017,-2.33718788668456,-0.0635333995506907,-0.110044521051325,-0.901717124551345,-1.06815876946639,-1.41226353322417,-0.0252561829432585,-0.656758047739211,0.767029271225912,-0.165156225626705,0.409743926931573,-0.0737575207412705,-0.110234094202337,0.286162935598638,0.0220733286832737,-0.27099748017873,-0.482204332597232,-0.597379161731186,0.115231945255137,0.101108095635436,0.382498990189241,0.142293599732373,0.280604613683801,0.117861990350936,-0.0336211883930173,0.00324030975832053,0.0122789055581783,0.0756246025686782,0.0207026985202453,0.0148093924496233,-0.0137722454518521,-0.00811020144051525,-0.00630257759339883,-0.00471154942296941,3.06457452243387e-08
"31","Potato (Imp)","Wholesale","Dambulla",0.980928320566302,0.235763537111314,4,3,0.00153642547110443,602.129855330971,782.185517639631,0.247005604494046,0.241407043379836,0.978142240161876,8.45257423127406,-0.135767724410496,0.034480455074522,-0.560442167787776,0.344810386137528,0.900818457897256,0.9833317489594,0.0357642176193824,0.639712627595968,0.0304847548256788,0,0.0779091596794821,0,0,0.036634280591974,5.14946392887108,0.01,-5.31881859508038,0.01,1,0,3291.26211244179,0,3294.13323379606,0,0.0123649998235834,0.960041518433284,68.9285714285714,1333,2295.28571428571,2911,28.1929487575199,2907,0.524263836388959,130,149,0.999859983208964,0.875604099112063,-2.77710055550904,-2.46549154532181,-1.13423816252346,0.212730443491299,1.12558774982672,-1.08021582214147,0.651163187021543,1.46417720232126,-1.08586792519612,-0.182290799664736,1.53433491811628,0.124044203438969,0.860649137467896,-0.897086562729239,0.343783761976495,1.06377696308413,-1.36440285594798,-0.658151327149451,0.00752547602049239,-0.352944452073685,-0.413538623852621,0.752015094081685,-0.34592564919289,0.234426101327377,-0.149676518730436,0.136774324177439,0.0556640592830368,0.0493615472047181,0.0870303028112131,0.205659702690735,0.0841928297315421,0.0558286716243641,-0.0647760297461062,0.0547530351465075,-0.0523882704623067,-0.00077640742676916,0.0172542714978575,-0.00828355305649497,0.00373520060576138,-0.00688134209145195,8.01823588391235e-09
"32","Potato (Imp)","Wholesale","Pettah",0.992045204716641,0.193646019176774,2,4,0.000365199827870835,2051.99902344227,-144.666251037439,0.358712861231343,0.300618537106359,0.99175132693678,9.00214064167782,0.0503688124918538,0.00592836489452304,-0.48509766385096,0.237098015805931,0.933627651583716,0.987828296500371,0.00341328838064199,0.485835189559067,-0.00702902784120575,0,0.120888821243773,0,0,0.476239635860528,24.1693713586239,0.01,-4.03884524816443,0.01,1,0,3383.48318901417,0,3386.43475911218,0,0.00394872477917192,0.98129278494168,68.4285714285714,2901,1425.75846190476,2213,18.5155542816044,2215,0.51673460862602,59,174,0.999913464864144,0.937914216570893,2.03514679624245,-2.25493021487696,1.12839019158086,-1.68250927910246,0.434156689781957,-0.0149478955740808,0.529790441890654,0.466094422838906,-0.344536575341679,1.06229163818506,-0.0393106505303218,0.115176670265485,0.412235274431564,-0.951571777429792,-0.719985524834014,-0.135511770393564,0.889360008150061,0.901699531588317,-0.449654088361558,-0.0694385858324782,0.593871989823961,0.143367125251568,-0.0918822271538095,-0.615903401985221,0.165137275800077,-0.222306394736576,-0.216866116896791,-0.20939874369202,-0.00481089275736673,0.354047259596354,0.0457000686967575,0.0614403590994218,-0.0584456241761812,-0.0751225823580065,-0.0610387351440005,0.00159984682058274,0.0457896297458941,0.00987645714623497,-0.00330646588176027,0.000940557593966955,5.74706955820193e-09
"33","Pumpkin","Retail","Dambulla",0.982937592462904,0.212937426905405,2,5,0.00126888559930001,1553.11079937908,-130.892944171367,0.118567686242298,0.169988027713889,0.978995181593945,8.78854418950561,-0.255758770493482,0.0733004428590378,-0.602839907311023,0.391003847181633,0.92449792778105,1.02837792627496,0.0776082305536473,0.758860839132022,0.0220928371610668,0,0.255289453910334,0,0,0.0714890501337047,11.818774242996,0.01,-4.6543208066486,0.01,1,0,3297.00458560951,0,3299.8807163908,0,0.00334039556296009,0.969119978633685,83.5714285714286,2739,2186.51904761905,2735,16.5767197920117,2738,0.561974371483438,185,125,0.999913464864144,0.902111857757471,-2.72627078221567,-3.18025068401774,-1.84329189557972,2.57251487486586,1.01867340159257,0.971406119501793,0.606355509133429,0.746546207062772,1.03829120565993,0.00984440672985297,-0.182547266771974,-0.224494433412022,-0.0405297036267244,-0.00543188941251215,-0.625602861333345,0.166446309992568,0.16930801438261,-0.244643628608613,0.493873998520298,-0.422485122064972,-0.532601710030629,-0.651904621396628,0.238340189543091,-0.574905199373311,-0.407757390577464,0.164255366901046,-0.267034502310602,-0.0890353256224794,0.123219928375678,-0.0846230062901751,0.0558471775821788,0.0165925099481474,-0.0355028100236234,0.00770006882721632,0.00791283193535708,-0.00440086069579853,0.00741990078140459,-0.00959345942036833,-0.00866414496579185,-0.00077301583641595,-2.11533916266465e-08
"34","Pumpkin","Retail","Pettah",0.993491111635698,0.183675647948345,4,2,0.00044520509039836,2136.8494560319,-109.525494860961,0.353555233685116,0.307880079458932,0.99297089452249,9.04416569296878,0.0698780677934091,0.0188549299260765,-0.506263427625042,0.273495608333222,0.936006791848098,0.997778859707819,0.0161940202644819,0.490651645874999,-0.0477912805250146,0,0.236015845933922,0,0,0.298630306885917,15.6738691739133,0.01,-3.9006085804423,0.01,1,0,3391.80971894865,0,3394.76855266684,0,0.00182803072084316,0.985852988186609,117.142857142857,2752,3510.58941428571,2748,19.6635137560143,2760,0.538827011902093,75,133,0.999913464864144,0.968072639876893,2.11634282929267,-1.61012110437281,0.614082560618215,-0.305275008595261,-0.812765407801875,1.09994374274426,0.505880319903349,0.735362499908527,-1.22507774625942,2.135562466407,0.786574562851866,-0.316761634627759,0.438887752397849,-0.823739275247396,-0.240507362507893,0.225943716218831,-0.13617191691952,0.41791590407538,0.0226823354268425,0.0880283908411626,0.171356575553486,0.461891183262859,0.14555370998296,-0.157362163583452,-0.0139414184034093,-0.0082155672321714,-0.1863152624741,0.201322920543527,-0.0199543085286271,-0.0767894483452656,-0.0905626522042778,-0.0295402785246496,-0.0119249130538502,-0.0362890988404039,0.0758646451619685,0.0228004778861981,-0.0367403100545096,0.0083150689902765,0.00165070046923708,0.00683041379224843,-4.08858107198434e-09
"35","Pumpkin","Wholesale","Dambulla",0.981428381108986,0.210136701968704,2,5,0.00126254433647074,1095.03100894229,-51.0086739921492,0.118632864242624,0.169737172666585,0.977230205559293,8.67783034121147,-0.255188414529053,0.0736605066281583,-0.604000867861598,0.394100567646434,0.917208803865828,1.02424234080399,0.0770903323817164,0.758407056348551,0.0203065641800474,0,0.37867664086811,0,0,0.302896092138217,6.86650067458713,0.01,-4.94222155006073,0.01,1,0,3285.12732882166,0,3287.99309851822,0,0.00391775739633096,0.966103720451087,83.5714285714286,2739,2186.51904761905,2735,18.3601692853776,2738,0.575417127299052,147,125,0.999913464864144,0.894541857212618,-2.98245301033704,-2.97261943488926,-2.05763471065934,2.28312805144271,0.871053861344823,1.15170577357429,1.06174378566549,0.863571258922631,1.15071183091584,0.142299587011545,0.0196749824816577,-0.357237906739813,0.584072061261202,-0.528462834205186,-0.815597527915213,0.42972401963202,0.485777392845879,-0.524469369633856,0.199061040988083,-0.706143256013843,-0.161932821793336,-0.864727580339885,0.000695924520172129,0.134423888962245,0.0562150599477,0.212624673805436,0.0432453942067689,-0.232852824745586,0.0240194049955552,0.0564064896112594,0.0158567257875254,0.00468814055480829,-0.0290874305595881,-0.000172468249326478,0.0725808222795589,0.0328082428993595,0.00200562472687085,-0.0100556701814883,0.00335237098271557,0.00520395091520271,-2.19104805082308e-08
"36","Pumpkin","Wholesale","Pettah",0.992933260169339,0.171651137680028,4,4,0.000645704803407755,1530.27069191189,-151.116452579263,0.350360753536483,0.322489377481309,0.992577058116829,8.96094633701295,0.0590918970407659,0.0248483306431845,-0.524088046205425,0.295942081142141,0.930292024270646,1.00139177946038,0.0192187827069578,0.504645455955376,-0.0520547440651441,0,0.350871540194717,0,0,0.0871325382503856,10.5807993184015,0.01,-4.25217152767222,0.01,1,0,3389.11970407151,0,3392.07619116433,0,0.00200849534822656,0.982860569776496,107.618571428571,2751,3007.91428571429,2748,24.5471053477307,2760,0.547404164087074,63,134,0.999913464864144,0.971277450683357,1.50099105790586,-1.36374236599542,0.591050708874893,0.266162792982142,-0.798742407493211,1.38323183830216,0.644130896895234,1.8028318788221,-0.897864971723759,2.21170860823357,0.124469230256125,0.247189312721964,0.615341631057111,-0.464700113565287,-0.13530679108023,0.266373830842846,-0.711349864902697,0.574381844017186,-0.114748788704191,-0.392299961444421,0.404106266883972,-0.0593901640718489,-0.140159568328414,0.0774779357636024,-0.00997977429362009,0.220614983614049,0.0398630013829966,0.167365926636936,0.020616875000683,-0.0684939456923597,-0.0140516861042652,-0.0302247863135385,0.0149954226206102,0.0674878608672723,0.00620043070176284,0.00795200034284476,-0.0536153414183208,0.00511602590297381,0.000833385531217841,0.000679079392303152,-2.91050725326652e-08
"37","Snake gourd","Retail","Dambulla",0.97678468036144,0.220337487758697,1,2,0.0197844119196682,2994.60258061802,208.692162675111,0.0555739390904368,0.142035025398007,0.970501594731343,8.44460816296773,-0.272698141852254,0.0795074822429411,-0.58742394164089,0.353782208839661,0.903077149930247,1.02411867892105,0.103645516785118,0.808096158227828,-0.0263972358470823,0,0.260560748681926,0,0,-0.0513362989285495,19.366513548821,0.01,-5.18823721104632,0.01,1,0,3239.10243474834,0,3241.92887666347,0,0.0089965644187401,0.966053885584838,126.428571428571,3411,5316.92750952381,2692,28.0542720824298,3410,0.556371825569457,181,96,0.999859983208964,0.852898854816853,-4.53688274255773,-2.95936553592071,-1.7904511135767,2.31043407501831,0.72440397902707,1.67523541332421,-0.846346507972404,-1.53004200846248,1.44577286446139,1.0970268814095,0.643960679063014,-1.04289563499106,-1.05147033584269,-0.354886639546216,0.536260441000598,-0.309340332776877,-0.176513964099621,0.114584899996422,0.00311207911907902,0.205729085782797,-0.0271751116820652,0.337828330803239,0.281161101887133,-0.480109601385948,0.0651779399263203,-0.11013770172363,-0.0169207600626102,0.104170685638993,-0.0661851964876234,-0.0737449907640408,0.0476349518950875,-0.00929214772579473,0.0451020080122918,-0.0291991881673293,-0.0683925505061131,-0.00247205369015941,-0.0408974424858839,-0.00157667163146078,0.0124656654485099,-0.00122576175329762,-4.24786263467863e-08
"38","Snake gourd","Retail","Pettah",0.991475611960567,0.214113842238806,0,4,0.00476479041086162,4336.9514103296,363.307160853269,0.382287777376042,0.384583359562197,0.98950012171981,8.85170905426817,0.0721996210019451,0.013177882428596,-0.452122594527702,0.207557863007334,0.925269026043266,0.985561515018357,0.0114217506991427,0.479638606061411,-0.0442855188716611,0,0.263245312970388,0,0,-0.0229765152786357,22.3113116171185,0.01,-2.98547065473252,0.0414336686722421,1,0,3367.16097814842,0,3370.09916399323,0,0.00311605647641005,1.00263660593567,160,3217,5648.12963333333,3213,16.9966317588785,3214,0.484863601649612,61,151,0.999913464864144,0.964323950191555,2.18802055308672,-1.34241486606448,2.50142182652142,-1.75547318010187,-0.0957534877053052,1.24811751517683,-1.95037448757581,-0.177510522611678,0.244811955494301,1.36395080663213,-1.22919834268302,-0.88524687046193,-0.248264250945578,0.150465335094349,0.449143357767765,-0.318104458744366,-0.546418119655422,0.348143519290528,0.432171590739495,-0.220915196110094,-0.260772618990146,0.0973426442650391,0.37792458237043,0.224480122334484,-0.0273605692053466,-0.229421061383659,0.103010571102109,-0.0906313806936783,-0.0555763485489334,0.103817981770517,0.0467236403139533,-0.0664210070295762,0.02196101313918,0.0389925483109658,0.0392866951482958,0.0506611773174228,0.0270655510049062,0.00149416840070178,-0.015342651455522,0.00446089154277779,-8.26678137630476e-08
"39","Snake gourd","Wholesale","Dambulla",0.974113633701673,0.229595009074301,1,2,0.020247619052804,2402.48023313979,391.173651050726,0.0490672382925334,0.133278822441205,0.96680130330017,8.27188621471045,-0.275793718455031,0.0817520301617419,-0.590918503370628,0.360124675594988,0.89234428991418,1.01750141360834,0.105014528276598,0.814711007748589,-0.0241231777098635,0,0.323638667218588,0,0,0.122602413498098,13.9041232146761,0.01,-5.65450804707978,0.01,1,0,3214.44966985634,0,3217.25459976023,0,0.0111478675807192,0.96063077704568,126.428571428571,3411,5316.92750952381,2692,30.1288695454289,3410,0.576825006546099,141,96,0.999859983208964,0.845288954481784,-5.22321142877808,-2.79789759932535,-2.0017457196092,1.97489085438902,0.809970354578628,1.64119415562576,-0.455666606343383,-1.47243607302956,1.48794016883775,1.23698654030928,0.959601287799035,-1.13439341850419,-0.519116152641049,-0.935700637614651,0.358145654059708,0.0825186751879021,-0.0400752660808089,-0.180519649769949,-0.261067150120508,-0.214349219444769,0.201704183305779,-0.0597239883072256,-0.034592190530521,0.23879185229575,0.454743357251315,-0.0690639777282422,0.205615383136158,0.0586734554785762,-0.191766965860275,-0.00808377351324801,-0.00113055525546121,0.0741429048682594,0.0798772477235608,-0.00303572512554002,-0.00332828864021726,-0.0310167923614789,0.0266696455430603,0.015613815690516,-0.00854982854062717,-0.0079555088320889,5.66757998640842e-08
"40","Snake gourd","Wholesale","Pettah",0.990696096804203,0.215480576589108,2,4,0.0033678955875678,3586.37928440059,596.397289689945,0.40989742359922,0.401916683292826,0.988526702519643,8.65881506163432,0.109060952131732,0.0172235009578217,-0.436179108744288,0.195895996166274,0.911667359318201,0.98674835207339,0.0162102726229864,0.451719079900703,-0.0378818907492577,0,0.325206324092564,0,0,-0.00524853172134729,19.3171814269665,0.01,-3.3371606775556,0.0168550123711908,1,0,3360.539358043,0,3363.47176585979,0,0.00382174857721166,1.00310898497904,160,3217,5648.12963333333,3213,21.6584892455885,3214,0.51553991935838,91,126,0.999913464864144,0.966007084263534,1.58796392338661,-0.853016464346105,2.7546079815687,-1.41116162700127,-0.0437562580231656,1.43021787534459,-1.24135835025125,0.246763813871741,-0.587919951717684,1.60801353425857,-0.319992224684976,-0.457770599334185,0.285581731766694,0.493474506990264,0.557493408962258,0.133740117632651,-0.21854834833772,0.493267690311705,0.690052229851577,-0.0684413976216142,-0.289064478326869,0.14570693822543,0.629478539978059,0.185898609738271,-0.256472224924556,-0.219692950472215,0.212638957602535,-0.398970421024732,0.132670046521785,-0.0458461712872097,-0.0985763788072133,0.106460416653684,-0.035270950329973,0.0521892920620761,-0.0147417388854898,-0.0229067275488504,0.0210841930509666,-0.0115822912864206,0.0148730271228676,-0.00370138838399182,7.42431758142216e-08
"41","Tomato","Retail","Dambulla",0.985623026233593,0.174304432251346,2,5,0.0715695410526602,3875.15332557317,166.564164415015,0.386750790197436,0.396312683144685,0.98559290431768,8.2487619710808,0.0332461319332678,0.0182262175312771,-0.540274585618476,0.306447803670223,0.878685461663843,0.987442235471909,0.0149885811816484,0.485779821532158,-0.0037911072083467,0,0.584245986751096,0,0,-0.0639937001418823,11.0840019781331,0.01,-5.26269209871205,0.01,1,0,3341.59320326228,0,3344.50823077312,0,0.0098098706737779,0.969657014523857,270,2115,22836.2248714286,3170,98.463954721368,2761,0.596747661405107,193,150,0.999913464864144,0.934066082972633,-1.73902662513068,-0.161604214364579,1.87470257064419,-0.15111414471813,-1.54574170470295,1.14422050520846,1.19472052211813,1.96063034607721,-0.364284771799028,-0.831797191911684,-0.592309762804987,0.508234044032226,-0.0888509119876893,-0.0640879082728124,0.629665669394173,-0.332718683916562,-0.371079862092374,-0.635559847517512,-0.232212387560524,0.0555051453050326,-0.173693569588775,0.392731018412795,0.126875268614519,-0.646054226151251,-0.0674464462179194,-0.151467531767429,0.0370135317515197,0.009767313750455,-0.0549924934469374,-0.16088166337539,0.0822030833717042,-0.0176228757627093,-0.017442943830359,-0.0158511597364254,-0.0194598936132556,-0.0197058231802507,-0.0134409212969705,-0.00743463165815738,-0.00537596207658669,0.0114737189584574,5.73321388416974e-08
"42","Tomato","Retail","Pettah",0.99007911997357,0.185008652126883,1,5,0.053146467648192,5097.79101221806,-88.9478527665071,0.514674114582532,0.643559545470702,0.990736018885451,8.50659613041184,0.238000170960424,0.0740746153419065,-0.42531772536763,0.184905353764038,0.897074696478817,1.0441345309742,0.0634888381162135,0.350710238958586,0.000226559799457517,0,0.55472093617416,0,0,-0.071315335903469,12.4399335263462,0.01,-4.74516039608203,0.01,1,0,3376.55903536246,0,3379.50456519848,0,0.00566293157504998,0.980108100733838,323.571428571429,2158,24633.3333333333,2162,87.7219768006883,2157,0.572673547359209,95,200,0.999913464864144,0.965374870279312,1.22751527315352,2.89932579925804,2.8061342728542,0.847700974255479,1.25007174230831,1.83138076927245,1.14986983723406,0.134781343650208,0.953694533571261,-0.387213991183111,-0.305125632671672,1.03064341753252,-0.719753996108878,0.277996138178398,0.474441630106864,-0.0498592731687978,-0.118359736522987,-0.0133470334693502,-0.625356583487997,0.0844654284030576,0.12558532585247,-0.204460346060225,0.175615937080914,0.275136452015662,-0.161651113882598,-0.223964694736172,-0.226329902893528,-0.0419596348225004,-0.100762212613736,0.160020405956132,0.108705848908085,-0.0300731619757334,-0.0346289360886932,0.0131448342845416,0.026728965653064,-0.0444737989478204,-0.0110441005878442,0.0158433061507515,0.00479691455188179,-0.0056750747707513,-9.03823929147452e-09
"43","Tomato","Wholesale","Dambulla",0.984786356426967,0.174207603033475,2,5,0.0714986261001012,3375.17825671728,301.778997263563,0.386975408228869,0.398325994309665,0.984747536048164,8.16077733434824,0.0324781985818115,0.0183603720939222,-0.540526011682905,0.306935611377289,0.872120106503806,0.985845849019078,0.0149274049939659,0.48544860529425,-0.0030012073023429,0,0.735992516059498,0,0,0.105228706799236,8.95391178571425,0.01,-5.43857075928794,0.01,1,0,3335.86332155008,0,3338.77335061802,0,0.0107249035032517,0.967731430876038,268.571428571429,2115,22836.2248714286,3170,112.009110701722,2761,0.602858205560359,157,150,0.999913464864144,0.932443041250876,-1.86017056449491,0.0693968007001027,1.82278808373032,-0.280638483219555,-1.70915729682928,1.2235107621929,1.45465747023171,2.09644597127668,-0.221613043046891,-0.753929252935598,-0.514410349991191,0.388225691742214,0.327197849101011,-0.420977736549708,0.577594076260675,0.0894364511303164,0.0404090353819726,-0.851734790499438,-0.562476511632771,-0.208360381240761,0.261262775783256,0.269792221476628,-0.117550228134252,-0.131728099612632,0.370661459709044,-0.2948034269812,0.309748372215938,-0.146271867526624,-0.00570086713497459,-0.208457126346849,0.0486173347413655,-0.0386537284000416,-0.0134002439862724,-0.0231233405352936,0.0594483824621118,-0.02160947712361,0.0439445242208944,0.00176491963950622,0.00400055668217071,-0.00121546895724172,-7.31666460522492e-08
"44","Tomato","Wholesale","Pettah",0.98949810517329,0.186272376198089,1,5,0.0534599633175424,4417.36191133268,177.512341433047,0.515158335384057,0.610000208539068,0.990459738980631,8.44371658731554,0.244229834142279,0.0754988904849084,-0.416992547104034,0.178875181395421,0.892652468989249,1.04666308435047,0.0648232440016428,0.347422971633619,-0.00797141942583361,0,0.750951971164625,0,0,-0.0279108634532341,10.6153780471591,0.01,-4.97198240485111,0.01,1,0,3374.67610122303,0,3377.61998848784,0,0.00617575059895363,0.977335487256515,323.571428571429,2158,24633.3333333333,2162,107.348694384851,2157,0.578401557865574,129,156,0.999913464864144,0.965980267219353,0.73582345214392,3.19788495553515,2.90653999855605,0.94074375843893,0.987447769626651,2.1387231310253,1.54191783561731,0.644832207857192,1.22175123286416,-0.260780330772992,-0.170376864987657,0.795746044923795,-0.660362611869613,0.387524705729328,1.02941387197885,0.358427276393584,0.380105029469221,-0.336460038571781,-0.421319408403053,0.257185508626784,0.379974158155202,-0.118355029727176,0.0713559012917464,0.0574318254606204,-0.0257386266956916,-0.109134285351537,-0.0590176710305621,-0.0549718686509385,0.0377217062886609,0.107275591976608,-0.0399525124283326,-0.0249653909507602,-0.0296405161136069,0.0226360166087237,0.02199048021767,0.0657267376110067,-0.0432660477903647,-0.0227896241807287,-0.00795485983600806,-0.0111668308357016,8.83704544933692e-08
"45","Potato (Local)","Retail","Dambulla",0.987240563144964,0.246735759681469,2,5,0.0093438388184273,3559.70653205866,69.6493166753863,0.209621615517392,0.219072162107246,0.985854860933948,9.16302103934907,-0.145604573567304,0.0396453446703288,-0.540149764635265,0.298647031244115,0.949701841849268,1.01682667659724,0.0573266554382443,0.649812196796056,0.02539599969993,0,0.158378866900703,0,0,0.146709745984056,22.9520345547653,0.01,-3.47350647987979,0.01,1,0,3343.36973548521,0,3346.28631274791,0,0.00497676222388437,0.977569855293984,110.591428571429,2180,7008.32546666667,2177,13.4099600734821,2178,0.427106710827231,87,86,0.999859983208964,0.902519894089639,0.248545644321868,-2.62048605401987,-1.19428030889862,0.180327908068713,1.67977870328841,-0.614013643135648,-0.635078284565566,-0.223202406216593,1.06527789975619,-0.346711386098274,-0.108373492172951,0.19830066799245,-0.790623393185732,1.0135033637392,-1.11348047217226,0.781106813634083,0.0911454464589687,0.593487711734296,-0.0715996358260526,0.136442216852679,0.191249518287799,0.672104392862493,-0.0946144994462042,0.0252781017542456,-0.0298297304437714,0.0568644929283878,0.104783755012786,-0.0620517753535184,0.161417065823874,-0.054253750606006,0.0879290660245972,-0.0787994847176903,-0.00363137631947997,-0.0280762378795931,0.069452731966794,-0.030213323453235,-0.0317006857842528,-0.00928167422038976,0.00680914033874503,-0.0030117504498546,3.00155756603121e-08
"46","Potato (Local)","Retail","Pettah",0.995588437939135,0.218527287062246,5,1,0.00302213656883885,5031.67079636464,633.330272770664,0.40025871553245,0.415847588171832,0.99551216696444,9.53521484674222,0.0715775751360285,0.0168465736390467,-0.449676185510625,0.205152739053543,0.970374049087822,1.00276284495078,0.0146849252914716,0.463381142840851,0.0131352547243894,0,0.171701642583742,0,0,0.652077774168517,26.1693455741068,0.01,-2.42133892254933,0.1,1,0,3409.19299253537,0,3412.16699049338,0,0.00074426042636022,0.992316767232443,87.8242857142857,1333,3624.29992857143,422,6.00896751026853,2621,0.392906155862137,35,200,0.999954177318763,0.954779373348084,5.93339305822908,-1.39476400810326,-0.1538907152072,-1.29480693854712,-0.480515279030026,-1.42687420876996,-0.608788210396293,-1.40666138920209,0.447722826171334,-0.787059894210593,2.93871041109893,0.0491037343508874,0.853435081796988,0.214662383960274,0.588221645894227,0.362293520472206,0.556873881142256,-0.290225802269052,-0.0183909436951731,-0.291949727549911,0.256974843528011,0.262347299141805,0.147730892050892,-0.125833540315689,0.0664594483233124,-0.137130598518667,-0.353595874814985,-0.0668677106736487,-0.127425258814875,-0.0284353743363189,0.109332618716607,0.00210452876572079,0.079319486243424,0.104436325703322,0.0527045128398202,0.0232584918734337,0.00339715823023349,-0.0212312658735307,-0.00734438437584875,0.00615528317317045,2.84631692837569e-08
"47","Potato (Local)","Wholesale","Dambulla",0.986330613344457,0.248478375387245,2,5,0.00932580086779182,3405.06302753541,-67.2014015725416,0.21464407781379,0.219791167369163,0.984855969770032,9.08958189028907,-0.139769130939424,0.0381950960699276,-0.538181105089451,0.29669396149441,0.945046997695512,1.01253531528312,0.054261356488494,0.644621742451547,0.0230162740214056,0,0.170989180813949,0,0,0.134706963410442,22.653959404426,0.01,-3.67338347861495,0.01,1,0,3336.59800729934,0,3339.50867726791,0,0.00580537609002482,0.975638010345605,110.591428571429,2180,7008.32546666667,2177,14.6707031217243,2178,0.439733203705988,81,52,0.999859983208964,0.900830760083712,0.0149722476835377,-2.54831500582033,-1.15704551311518,-0.0717878948379056,1.67246258834632,-0.558261012464411,-0.510933452757594,-0.123678424600104,0.956470067544262,-0.261838264102558,-0.0378484922584717,0.196787346269621,-0.818999988725337,0.934972847125746,-1.0864877876416,0.744812296920339,-0.0477057090080604,0.584727745418654,-0.173537219145733,0.104025741522285,0.288173991494146,0.495025214154132,-0.150638899996973,0.00284983864452903,0.109524416695221,-0.0492672951399066,0.127353399106906,-0.0688584486126225,0.176123822242855,-0.10193122663657,0.0655200005757171,-0.0899975565212309,-0.00674963450626362,-0.00723560116840906,0.0298808271140545,0.0114044150885936,0.0280295900919827,-0.000522338274490056,0.000151723735219535,-0.00152788561684757,-1.11853193993173e-08
"48","Potato (Local)","Wholesale","Pettah",0.997007597336358,0.210463586825161,2,5,0.000491813792994438,4496.41530969204,178.277780217095,0.349218139202711,0.309765256281524,0.99652838581779,9.5905641103672,0.0139415363215531,0.00801713802736423,-0.522455376938961,0.281769767915407,0.973370053208793,0.996606908129966,0.00513471479587044,0.513483723577463,0.0189761258690066,0,0.18979909712243,0,0,0.315539801781474,25.3799115650863,0.01,-2.35197711670225,0.1,1,0,3416.1567536677,0,3419.13682643914,0,0.000295369055126082,0.994475637510316,107.738571428571,1610,2446.99047619048,3405,5.4124943605312,2851,0.415324262312519,23,127,0.999954177318763,0.969256212921108,4.58584724954057,-2.79091882381452,0.676620051696189,-0.962596827970584,-0.51148097923279,-0.487340670766311,-1.69206779970168,0.555066404049072,0.796891850223655,-1.02129599616799,-0.762695417954667,-0.523541098594873,0.874189532544841,0.382943773344003,-1.05608039903231,0.713787513008996,-0.901763873310674,-0.796243984286677,-0.343176803338831,-0.043448534766916,-0.419462490116046,-0.283933196417514,0.0463907725688883,-0.129573469732909,0.195864530660755,-0.386488290554047,-0.431644067497779,0.00651115019744632,-0.0463222882065019,-0.0339340153336291,-0.186735011881647,-0.0899670499404698,0.0584308246344252,0.0302651196403228,-0.0268987981665243,-0.002843324457407,-8.74219190840315e-05,0.0377100831980007,0.0086353490677471,-0.00709881014687756,2.48167145028632e-08
"49","Big Onion (Local)","Retail","Dambulla",0.996413516500996,0.178254631517996,1,4,0.00722232720137677,4199.57551268075,-128.415240308828,0.308913455260378,0.293777507614569,0.996733861265241,9.68727050357694,-0.0126157061504943,0.00978641660471151,-0.512587568221765,0.276623051466686,0.980244163046076,0.998288495353789,0.00541035138325597,0.511497533635792,-0.0531399945797278,2,0.277591402511053,0,0,0.339692359808396,20.5078778620358,0.01,-2.32085805852139,0.1,1,0,3417.56566226294,0,3420.54696409103,0,0.00131710815899558,0.994664419546798,157.5,2,6377.65625,6,11.7497505725086,3,0.413592776137297,38,252,0.999954177318763,0.990812538341001,6.28725248610593,-1.22663553960722,-1.8885776288501,-2.09352182199674,-1.11610104679099,-1.2358435959625,1.08168177248013,1.08086124391053,3.22154704159656,-0.407924087013358,-0.322744629927918,1.87258331083839,-1.79842401384167,-1.36835907748856,0.524859016350068,0.218514913853158,-0.559469728938063,0.270808817406088,0.809941812275004,-0.182668926344492,-0.0935856927387989,0.183979987965774,-0.119149341803977,0.041568799512364,-0.164615923384367,0.206880070359453,0.0162836017476815,0.0346588022635936,-0.100233153577669,-0.0116407136643701,-0.180035811872701,0.0152309095408051,0.0353069159034099,-0.0597862836232474,-0.0195769430340608,0.016175088063503,0.026737292585113,-0.00960029736834221,-0.00596194131493528,0.000567140496183417,-1.53041544663858e-09
"50","Big Onion (Local)","Retail","Pettah",0.998261287297723,0.176604427230165,1,5,0.000808299002757725,3557.60020980253,-293.073984925288,0.460083174642902,0.561623551203188,0.998368666544286,9.80399970519586,0.165898564825628,0.0426821144612865,-0.383707742688079,0.171864882431408,0.987473627687462,1.02402308449132,0.0397427490402783,0.393065942755388,0.007003193514143,2,0.179833335941828,0,0,0.494833773064052,22.1895795847959,0.01,-1.67631757245396,0.1,1,0,3428.78558052071,0,3431.77667000648,0,0.000634085646361753,0.996980350087701,105.951428571429,1155,4248.0963,1152,10.7685998613691,3413,0.33030383614929,17,335,0.999954177318763,0.988852933691879,7.00811931358086,-0.363948091329443,1.26593028003884,-0.192574976825347,1.74778557887851,-0.84771892691171,-0.740011621656062,-0.230919718284832,2.3240457957127,-0.395234514675111,-0.001545052888,-0.890982531855464,1.92926227894678,0.542591367422583,0.651249786452089,-1.04387866167518,-0.35066099454941,-0.481443398700656,-0.286719661262394,-0.338085255904765,0.616302824729955,0.198577146563929,0.233742832649654,0.297264653179728,-0.175835390452612,0.262391470196048,-0.0439978552884098,0.072414455745005,0.191046107781213,-0.136970704188443,0.0827422517708551,0.098283985132651,-0.0434364819577877,-0.128019512030777,-0.0327154204985109,0.00148834297626658,-0.00236078976475503,0.015335737696133,-0.00146101954967207,0.000457382636577117,-1.99127863800912e-08
"51","Big Onion (Local)","Wholesale","Dambulla",0.997034905537756,0.171513764022646,4,4,0.00190904475671122,4211.81956125889,-256.416969226615,0.283800964230525,0.317951961849948,0.996815180587818,9.6879951264737,-0.044353814617197,0.0125073676984658,-0.513360972231169,0.272934582927339,0.9802204646223,0.996599665785439,0.00645376136033718,0.543388696033964,-0.0459152320884147,2,0.323573878488096,0,0,0.319028744000175,20.5313260107281,0.01,-2.22250408357027,0.1,1,0,3418.12333462112,0,3421.10512293279,0,0.000596371312780503,0.995345484850576,135.238571428571,2688,4893.18142857143,2685,10.6786511987717,2688,0.408302351441148,43,313,0.999954177318763,0.990091808533246,4.90244572050904,-2.34832880155646,-0.0209573622250041,-0.00759335967034625,-2.26283232063175,-0.0603377250219848,-1.39440586939136,0.487662850391795,0.63301891203406,1.06729799859642,-0.348338717201417,-0.285614425709321,1.02175359530276,0.274346870146535,-0.239684996699948,-0.240124279406786,-0.260009656336743,0.220587598893741,0.369242685152753,0.476269704390464,-0.0541990658936748,-0.621446265788086,-0.376755064711946,0.083064570860393,0.0739317919231959,0.0899798577428188,0.15913422637944,0.170398642469708,-0.368631561474904,-0.0242824883826839,0.134088710129868,-0.0917242295697539,-0.114991595293112,-0.0454393391968155,0.0166291076572102,-0.0270582849558006,-0.00206315570490663,-0.0170155448481616,0.0034952735896321,-0.00339857201962559,8.37981988643127e-08
"52","Big Onion (Local)","Wholesale","Pettah",0.997735258234058,0.191892235751777,4,1,0.00116132413884005,3513.0305902174,-594.003639682064,0.46047362522109,0.560442927963337,0.99787592818103,9.73441388252259,0.141686253974779,0.0380304273357799,-0.449334834900934,0.214539687567034,0.982819859512521,1.02084442336561,0.03347765116929,0.411626792481057,0.042197060311633,2,0.221024823293766,0,0,0.346311092408767,20.9618237113961,0.01,-2.02094639770998,0.1,1,0,3425.40190606844,0,3428.39004381726,0,0.000894920855519123,0.995321758302126,116.665714285714,1155,4810.00106190476,1152,12.1685497750968,1154,0.357828425202247,19,284,0.999954177318763,0.991674810581184,7.1352066033489,0.0108791693231632,-0.568190136563083,0.235392154092707,0.900633125262941,-1.59021797367064,0.00528116510750867,-0.255756655049618,0.0209470198765811,-1.365407181185,1.21457103616504,0.232920348771535,-0.188356998938649,-0.88754323107548,0.39367613349748,0.697523638995114,0.115218015766102,0.25006041068252,0.174911890354471,0.65740877273364,-0.031185111706216,-0.6696563551902,0.19807199936785,-0.00241835911433652,-0.0223769828228949,-0.324256786911196,0.315595420691063,-0.109702509814976,-0.0292040128749713,0.0188757580788698,0.0443073932508686,0.0437005066169144,-0.0115730375966054,0.0207560663534375,-0.00343607502912286,-0.044065861111172,-0.0378694013986909,-0.00312752814493381,0.0112548641022137,0.00556174465122222,-1.13906863373752e-07
"53","Red Onion (Imp)","Retail","Dambulla",0.988104877863912,0.207059363545107,3,2,0.0453273715716984,4262.85675175336,-1146.51988667064,0.208972581574356,0.20650361113186,0.986237013130546,8.99550754310637,-0.159043824087864,0.0321973700305019,-0.567384158831711,0.335438073717727,0.935279154679184,1.00044500165178,0.0334379563556546,0.656583463361636,-0.00130122109030265,103,0.18390350654472,0,0,0.586455362283654,15.2323369064202,0.01,-4.06315801090478,0.01,1,0,3345.96225447619,0,3348.88109331406,0,0.00404519215810025,0.97631935147996,182.382857142857,2030,9502.53542857143,2670,18.3697696180294,2137,0.493918298904443,103,260,0.999913464864144,0.931931609410241,0.79305678895431,-2.83043283707917,-2.15672463866622,-0.0250940332817978,-1.16602792448888,-0.586833372028724,3.52240830613585,-3.18545295235355,-0.892449930713844,0.350501379767024,-2.02910442217092,-0.39554531067937,0.827646792903626,0.224631534437745,0.0280770477432024,0.939773727359595,-0.622804586041591,-0.265071628986329,-0.0274873581173915,0.73494685704671,-0.417879550330859,0.100169205763757,-0.104184991959866,0.15633135490291,0.152199165230054,-0.135534599338877,-0.0188355952291626,-0.218449171208887,0.0120067849244348,0.00697618428777541,0.060761571851266,0.0820207441029069,0.0471108811125055,-0.0784663788533041,-0.0244673271985073,0.0100782451747023,-0.0330929589281391,-0.017263706395025,-0.0152411465478241,0.0023078646129083,2.47754947515166e-09
"54","Red Onion (Imp)","Retail","Pettah",0.99551104252437,0.167190773684293,1,3,0.0091971952446258,5212.48728801679,-852.906024321612,0.466957891977363,0.473759639548681,0.995449309914073,9.2904500628474,0.180620739310311,0.0532539239821462,-0.461539475973546,0.221930186578837,0.952353117385259,1.02814271841828,0.0411500526398475,0.383480613483914,0.00187529439653037,4,0.180193305969003,0,0,0.554975207341124,17.5906567454676,0.01,-3.51737210463861,0.01,1,0,3408.76249041291,0,3411.73611282385,0,0.00331008078825528,0.987555368329492,250,2369,17760.4166666667,2366,55.7571022267808,2368,0.46118261506898,43,143,0.999954177318763,0.9772123767979,4.12928214603932,0.26920168943697,1.61799774771097,0.104305251473407,0.677909153850268,1.05503934906692,1.21556772272844,-0.879378920955122,0.468309605435666,-0.0510289876616213,-0.206259648367686,-0.757719970013414,-0.120870733205034,-0.510484681501542,-1.27528278744516,-0.681789886763637,0.557591992133196,-0.0175635832199045,-1.22431335516907,0.258554876407606,-0.309500969577091,0.324739228777375,0.00829028312542624,0.220590565718997,-0.19824025956739,0.221115059792131,0.0685360847346612,0.030730260850456,-0.174628399251036,-0.127063335899552,-0.0705170867445109,-0.0153305501662323,-0.0451588166038039,0.111217489726153,-0.0873828531470314,0.000818112786484815,0.0232684900247069,-0.0409175191060373,0.00430068802400848,-0.000534723021283667,-4.64526097485604e-08
"55","Red Onion (Imp)","Wholesale","Dambulla",0.987119887533089,0.207390063265452,3,2,0.0512374650087795,4148.67699339015,-1313.32854174472,0.205686827770878,0.200425122247236,0.985589963501937,8.94469048463288,-0.151770658753919,0.0300228365536952,-0.561812655106874,0.329640352972257,0.931741269780966,0.997538730035553,0.0307082076268537,0.597272775286258,0.00686790438751369,103,0.205293843141786,0,0,0.559265838081381,14.9049780928933,0.01,-4.12856683531373,0.01,1,0,3341.57326197578,0,3344.48827209091,0,0.00440214044881224,0.974514937759289,182.382857142857,2030,13347.375,3,18.4262053168396,2137,0.502750111493202,118,233,0.999913464864144,0.928212144404902,1.00714066608633,-2.4149071310928,-2.76122362865639,-0.537691453109973,-0.90438979356415,-1.08889728856313,4.37524161855414,-3.36699468701783,-0.558384570964792,-0.00661596816100684,-1.066378416493,0.0966050479994013,0.299482467723182,0.73869978575591,1.08445029599369,-0.0337788106006529,0.043057057425964,0.44357563081644,0.0625849710700922,-0.784309486463023,0.447159828644871,-0.153848658347187,0.0810300183027163,-0.217943245017518,-0.140614754012039,0.114551462124616,0.00477862575517281,0.204256414515081,-0.0059668689932515,0.0068625776890739,-0.0590290914754364,-0.0825357775813385,-0.0405100867583067,0.0784066738820202,0.0266699078099147,-0.00889013949074448,0.0327869605246292,0.0177844142532077,0.015014787422203,-0.00232815733466254,-1.45795685508162e-09
"56","Red Onion (Imp)","Wholesale","Pettah",0.994984242409493,0.199750109910435,2,1,0.0038174882400119,4170.89789096076,-1335.81629858792,0.429026642795388,0.413094226674291,0.994828082874079,9.29016780756363,0.127938555221724,0.0263199887472495,-0.47232710471599,0.230001540841976,0.952894549942962,1.01044312135076,0.0214824217683831,0.419807805560345,0.00272359565395303,3,0.21009268782765,0,0,0.613437867198593,13.661877622374,0.01,-3.48262675622054,0.01,1,0,3404.50922579371,0,3407.47913788367,0,0.00131286312956822,0.986907334240985,173.214285714286,1621,5825.84703333333,2141,16.9655959764126,1620,0.465988371886841,91,183,0.999954177318763,0.974003412201429,4.17857928267827,-0.356611044982555,0.13138889601477,-0.92661245270719,0.487134899579027,0.170190979311643,1.89564536663095,-0.26104265187854,-0.69099106405366,-0.0138936483325486,0.499780121205113,-0.390183137268528,-0.707148468149067,-1.09651259472388,-0.828228797258831,-0.490012769345884,0.758982023024905,-0.777938353694134,0.0347908968543459,0.889226011275973,-0.528410539087453,0.307270617644213,0.442122645790156,0.147266514105295,0.150951357453466,0.358190756876642,0.0311433936346359,0.00308715396446652,0.088057815138413,0.0185966751508793,-0.0518715899556031,0.00373502934479516,-0.0456890270479512,0.00353731869615797,0.0460844593865702,-0.00198394399536543,-0.00483259856146924,0.0441149500824655,0.000503534553587693,0.00166461793634955,4.97490060599543e-08
"57","Red Onion (Local)","Retail","Dambulla",0.979385300629903,0.217903692531744,3,5,0.0259785882142671,2917.04168092485,-1168.10340269706,0.182928778247032,0.203399644486853,0.976240324530576,8.61670661266619,-0.1825944506795,0.0417621900594035,-0.546028931334444,0.300837411632705,0.912605736005287,0.998859584790029,0.0557482822665699,0.68329374432694,0.0253019454369611,0,0.181562151296683,0,0,0.0314612191122275,10.5180511022143,0.01,-4.96222580068448,0.01,1,0,3278.4753890641,0,3281.33535596354,0,0.00559667593378929,0.961845776806811,170.857142857143,2027,9135.38095238095,2031,13.6937846727351,3105,0.532212714089949,156,128,0.999859983208964,0.864864584393052,-2.72169845013112,-2.16790193165754,-1.67913099849057,0.453012468333384,1.27678017660643,-0.247035286520324,0.649900388682943,0.523147572615922,0.0961972844280039,-0.278854399361744,0.705254387778093,0.220885511951163,0.234626777489197,0.96014696721109,-0.206625881167852,-1.36078764479749,-0.787409198918033,-0.122348867771047,-0.159361602721449,0.166095123180976,0.134050098672582,-0.0653066195647331,-0.0999324452160483,0.00772866317207405,0.185279180451282,-0.15733997260695,0.00602388831076912,-0.0591174480011921,0.00408288250146296,0.254682364188482,-0.19078257717939,-0.0583607780983808,-0.0190880225973583,-0.0358061806475513,-0.0254145714513978,0.0103551613383947,-0.042097647654741,-0.0222443772870602,0.00366744174025477,0.00221680252408025,-4.4369796098461e-08
"58","Red Onion (Local)","Retail","Pettah",0.994684134068456,0.216581718804487,5,1,0.0732420385255595,4110.39254064686,-1438.39664862767,0.362620811141385,0.394737221334368,0.994311966332565,9.36136282738494,0.0500353551069381,0.0113375789827251,-0.479999638728641,0.242582592003623,0.958852730971592,0.995680537454029,0.00922170164093322,0.500111585444629,0.018112117589414,1,0.161620022839745,0,0,0.128196018080106,12.6064062523275,0.01,-3.33869758599849,0.0167475697358774,1,0,3400.97762518893,0,3403.94445649907,0,0.00541627488200611,0.987125870424984,224.167142857143,2028,23770.5129666667,429,40.0808842977193,2027,0.479791850237591,42,130,0.999954177318763,0.962093373938132,3.91197793400731,-0.43814628798348,-0.669092270881712,-0.559035417903752,-0.208092310809869,-1.15139339263341,1.12565656647804,0.022391684476715,-1.89984703882015,0.305529177575348,1.75138917685371,0.238049242426237,-1.26160661609571,0.458078989512377,-0.16312289505565,-0.853506798929583,0.193521192048269,0.450155602403509,-0.106346923149399,-1.00175715133938,-0.369898102810634,-0.432423787359778,-0.287425937272142,0.084436851787789,0.251288746339415,-0.29279573539184,0.0510902310186231,-0.150089687994687,0.0945036224328933,-0.256116517384739,-0.0545376969971424,0.0556969060169604,-0.0413238370115463,-0.0458141308332042,-0.0395863770466383,-0.00623720066986452,-0.0334202500591149,0.00497125570475162,-0.0114163557036867,-0.00707245359985757,3.46490247794609e-08
"59","Red Onion (Local)","Wholesale","Dambulla",0.97889354316157,0.21445645764872,4,5,0.0322612906910637,2895.78550008434,-1471.87063209151,0.17606349650698,0.197962129394732,0.975588080523887,8.61059822653734,-0.195817317721664,0.0475843940670618,-0.554663641254589,0.313222957199316,0.912658448513657,1.00338739641227,0.0619671585693365,0.698150317570274,0.0167035525302902,0,0.214243493611168,0,0,0.0736813426819544,10.0914919408672,0.01,-4.99361188684465,0.01,1,0,3274.09603383937,0,3276.95218042312,0,0.00540528009940879,0.961522680156833,170.857142857143,2027,9154.8537,2031,13.1532574540418,3105,0.521029559518999,186,197,0.999859983208964,0.872453192260828,-2.81606094329897,-2.12023101791632,-2.05151148336962,1.0146206169069,0.921500929303269,-0.261208360179205,0.86240236767803,0.545959077578264,0.0552973543595786,-0.063213578028637,0.922794806891662,0.439280031696136,0.481799784165961,1.15030608587827,-0.224863257387946,-1.56864582675838,-0.643739448271664,-0.246940676225497,0.108104482536851,0.676874468682313,0.18753921296087,-0.109333634306254,0.0770992949878694,-0.0897156328398354,-0.0391659616774573,-0.0643659648660425,0.19350192606069,0.0776352644481646,0.0779074121574024,0.065383115357068,-0.104537577672286,0.0298776134627195,0.0441881285047737,0.0561817873857911,0.0587164833604402,-0.0206790497769058,0.0406285304057465,-0.00514277724167312,-0.0102485590204843,0.00477979227227437,1.84257013493627e-08
"60","Red Onion (Local)","Wholesale","Pettah",0.993419920800518,0.207433519398388,3,4,0.011181111255511,3395.72685479315,-1759.91874033813,0.40170873004452,0.450416764589548,0.993339471403617,9.22273742093114,0.0630690825669067,0.0173263880814753,-0.501419071481895,0.26176859125952,0.949533076304789,0.999956140780162,0.0149050677585324,0.487151001207029,0.0121584524694447,0,0.214100432497123,0,0,0.0823425798283895,9.53889907002294,0.01,-3.60997749748093,0.01,1,0,3394.32817074255,0,3397.28920142363,0,0.00220839026658658,0.984005309766132,166.785714285714,1622,7963.48783809524,1625,14.1262477418287,1621,0.49098920527234,91,136,0.999913464864144,0.967101227182313,2.88106015851177,-0.445396241857799,-0.426712643935895,-0.691602670984576,0.775929973539468,-0.360000956662365,1.55446416648687,1.45780931691124,-1.02534250123506,-0.0985332131307884,-0.0692909835661468,0.678607067265914,-0.95878417641381,0.338314237860772,-0.696078236341133,-0.787985423592791,-0.503114512613948,0.19368358123694,0.350849425586197,0.0548431900267817,-0.17610470539441,-0.302974329146312,0.232059133716752,0.140000205941312,0.057456203559491,0.0107436624047405,0.135755341041049,0.148415284679795,-0.000315179992050905,0.0957225056904763,0.287616855475162,-0.0322324894370671,0.123982012073242,0.0171719133273071,-0.0386753026222813,0.0323208054995443,0.0137140042534364,0.0178929445783858,0.0078805553377596,-0.000261747712422871,2.89483350078134e-08
